Parameter	Value
a1	0.374699983040949
a2	-0.184384622771328
a3	0.710748480353203
