Parameter	Value
a1	0.26570108239714
a2	-0.359543138187085
a3	0.61583387169346
